path,loc,username
go,76,MomentoSystems
php,4,MomentoSystems
html,524,Aldengr123
js,27,Aldengr123
php,34,Aldengr123
c,197,Thiagolourenco
cpp,5180,Thiagolourenco
css,271,Thiagolourenco
html,380,Thiagolourenco
java,147,Thiagolourenco
js,744150,Thiagolourenco
sh,61,Thiagolourenco
ts,74221,Thiagolourenco
css,200,jeffAntonis
dart,338,jeffAntonis
html,244,jeffAntonis
java,23424,jeffAntonis
js,3815,jeffAntonis
jsx,387,jeffAntonis
rb,741,jeffAntonis
scss,304,jeffAntonis
ts,1818,jeffAntonis
aspx,170,graterolz
c,765,graterolz
coffee,7746,graterolz
cpp,475,graterolz
css,64451,graterolz
html,182740,graterolz
java,19379,graterolz
js,467638,graterolz
less,30772,graterolz
php,153101,graterolz
py,231,graterolz
scss,6807,graterolz
sh,383,graterolz
sql,62734,graterolz
ts,712,graterolz
aspx,14864,Bubex
css,62100,Bubex
html,11609,Bubex
js,387741,Bubex
less,10284,Bubex
php,4465,Bubex
scss,28071,Bubex
ts,1658,Bubex
R,181,phaalonso
bash,126,phaalonso
c,1538,phaalonso
coffee,1,phaalonso
cpp,5438,phaalonso
css,9434,phaalonso
go,9,phaalonso
graphql,12,phaalonso
hpp,182,phaalonso
html,2980,phaalonso
ipynb,98,phaalonso
java,2866,phaalonso
js,1533861,phaalonso
lua,2288,phaalonso
py,1058,phaalonso
rs,21,phaalonso
scss,11085,phaalonso
sh,29,phaalonso
sql,7,phaalonso
ts,168550,phaalonso
js,75,allandiego
css,14700,fernandod1
html,10460,fernandod1
js,703,fernandod1
php,5629,fernandod1
py,179,fernandod1
scss,27,fernandod1
sql,893,fernandod1
c,6613,leonelNoguera
cpp,73,leonelNoguera
css,10280,leonelNoguera
html,212,leonelNoguera
java,4692,leonelNoguera
js,7593,leonelNoguera
php,112,leonelNoguera
py,4311,leonelNoguera
ts,179,leonelNoguera
coffee,789,casjunior93
css,4099,casjunior93
html,22788,casjunior93
ipynb,31598,casjunior93
java,2785,casjunior93
js,226237,casjunior93
less,266,casjunior93
php,7022,casjunior93
py,1890,casjunior93
rb,10,casjunior93
scss,292,casjunior93
sh,10,casjunior93
sql,4554,casjunior93
ts,130,casjunior93
css,0,axelvillanueva
js,313,axelvillanueva
php,15224,axelvillanueva
scss,21,axelvillanueva
sh,12,axelvillanueva
css,10834,souzaonofre
js,20957,souzaonofre
php,4029,souzaonofre
scss,27,souzaonofre
sh,26,souzaonofre
css,1217,MarceloHBoff
html,8830,MarceloHBoff
java,1025,MarceloHBoff
js,14280,MarceloHBoff
ts,12157,MarceloHBoff
c,15415,yenng
css,3417,yenng
html,1130,yenng
js,55,yenng
py,791,yenng
rb,37480,yenng
html,561,EduPras
py,137,EduPras
css,39,marcolinolucas
html,417,marcolinolucas
java,527,marcolinolucas
js,1067,marcolinolucas
sh,2,thaisacs
cpp,28,EladioRocha
css,22924,EladioRocha
html,22828,EladioRocha
js,25003,EladioRocha
py,407,EladioRocha
rs,197,EladioRocha